Mdust,phi
8.479508196721312,-3.349794238683127
8.725409836065573,-3.74485596707819
8.90983606557377,-4.024691358024692
9.114754098360658,-4.814814814814815
9.309426229508198,-5.473251028806585
