Mdust,phi
8.295081967213115,-2.901639344262295
8.530737704918032,-3.393442622950819
8.704918032786885,-3.918032786885246
8.950819672131146,-4.409836065573771
9.114754098360656,-5.4590163934426235
